case,base,crg,graphify,graphify+crg
admin-permissions,0.940181,1.080953,1.24642,1.144228
admin-product-edit-field,0.841569,0.734962,0.932347,0.793791
auth-discovery,0.7986369999999999,0.798755,0.963774,1.135533
cart-to-order-flow,0.8587800000000001,0.954484,0.983283,0.949936
inactive-customers-csv,0.940622,0.6220870000000001,0.8213029999999999,1.182751
order-total-impact,1.089568,1.252809,0.865058,1.070601
