mode,weighted_strict_content_score,weighted_cost_usd,weighted_prompt_execution_time_s,weighted_setup_time_s_reported_separately,weighted_prompt_time_balanced_score,weighted_quality_per_prompt_minute
graphify,82.83333333333334,0.9812278333333335,129.08633333333333,86.9778,82.14831370384071,39.42293494673068
base,79.6,0.9099186333333333,145.5349,0.0,77.70982407958194,33.70898842057584
graphify+crg,74.1,1.0437866666666666,151.84876666666665,108.73306666666666,70.04229624911527,29.757276226756055
crg,73.06666666666666,0.8694719333333332,135.16823333333332,24.775433333333336,69.070623575615,33.13209915691351
